,Number (thousands),Total,"Under $15,000","$15,000 to $24,999","$25,000 to 34,999","$35,000 to 49,999","$50,000 to 74,999","$75,000 to $99,999","$100,000 to 149,999","$150,000 to $199,999","$200,000 and over",Median Estimate,Median margin of error^2 (+/-),Mean Estimate,Mean margin of error^2 (+/-),Year,Race
0,134800,100,7.1,6.4,6.8,9.9,15.1,12,16.7,10.1,16,83730,1050,121000,1211,2024,ALL RACES
1,132200,100,7.3,6.6,6.8,9.9,15.6,12,17,9.7,15,82690,651,117500,1126,2023,ALL RACES
2,131400,100,7.8,6.9,7.4,10,15.9,12,17.1,9.4,13.6,79500,1031,113400,1102,2022,ALL RACES
3,131200,100,7.8,7.2,7.1,9.9,15.2,11.8,16.5,9.5,15.1,81270,695,117500,1182,2021,ALL RACES
4,129200,100,7.4,7.2,6.8,10.2,15.1,12.1,16.7,9.5,14.9,81580,1056,116900,1259,2020,ALL RACES
5,128500,100,7.1,6.7,6.6,10.2,15.3,12.1,17,9.7,15.2,83260,1096,118900,1263,2019,ALL RACES
6,128600,100,8,7.3,7,10.8,15.5,12.6,16.6,9.1,13,77700,850,110700,1104,2018,ALL RACES
7,127700,100,7.8,7.4,7.8,10.7,15.2,12.3,16.5,9.1,13.1,76710,664,110000,1177,2017,ALL RACES
8,127600,100,7.9,7.5,7.8,10.6,15,12.2,16.7,9.5,12.8,77000,691,108200,1073,2017,ALL RACES
9,126200,100,8.1,7.5,7.9,10.8,15.6,12.4,16.6,9,12.2,75380,916,106200,985,2016,ALL RACES
10,125800,100,8.3,8.1,8.4,11.1,15.4,12.1,16.6,9,11.1,72790,680,102100,854,2015,ALL RACES
11,124600,100,9.1,8.5,8.7,11.3,15.9,12.2,15.7,8.5,10.3,69060,830,97480,944,2014,ALL RACES
12,123900,100,9,8.7,8.5,11.1,15.6,12.5,15.9,8.3,10.4,69950,1404,98160,1426,2013,ALL RACES
13,123000,100,8.9,9,8.4,11.7,16.2,12.7,15.8,8.1,9.2,67800,593,94820,1072,2013,ALL RACES
14,122500,100,8.9,8.9,9,11.7,16.2,12.7,15.7,8,9,67400,454,94170,915,2012,ALL RACES
15,121100,100,9,8.7,8.7,12.3,16.3,12.2,15.8,7.7,9.2,67410,556,93840,815,2011,ALL RACES
16,119900,100,9,8.9,8.7,11.6,16.1,12.5,16,8.2,9.1,68420,742,93580,822,2010,ALL RACES
17,117500,100,8.1,8.2,8.6,12.2,16.5,12.7,16.3,8.2,9.3,70070,493,95680,563,2009,ALL RACES
18,117200,100,8,8.3,8.4,12.1,16.3,12.5,16.8,8.3,9.3,70520,316,95930,558,2008,ALL RACES
19,116800,100,7.8,8.5,7.9,11.1,16.6,12.5,17.2,8.8,9.8,73010,335,98260,564,2007,ALL RACES
20,116000,100,7.9,7.9,7.9,11.8,16.9,12.5,16.7,8.6,9.8,71850,508,99230,630,2006,ALL RACES
21,114400,100,8,8.6,8,11.7,16.1,13.3,16.4,8.6,9.3,71060,391,97160,603,2005,ALL RACES
22,113300,100,8.1,8.7,8.3,11.8,16.2,13.1,16.7,8.3,9,69970,509,95430,592,2004,ALL RACES
23,112000,100,8.1,8.7,8.1,11.6,16.4,12.6,16.8,8.6,9,70080,500,95560,575,2003,ALL RACES
24,111300,100,8.1,8.6,8.1,11.8,16.4,12.9,17.1,8.5,8.6,70040,378,95540,590,2002,ALL RACES
25,109300,100,7.6,8.2,8.4,11.2,17,12.9,17.3,8.5,8.9,70610,355,97330,638,2001,ALL RACES
26,108200,100,7.4,8.2,8,11.4,16.8,13.2,17.6,8.3,9.1,71790,371,97690,633,2000,ALL RACES
27,106400,100,7.4,8.2,8,11.8,16.7,13,17.5,8.5,8.8,71980,553,96820,826,1999,ALL RACES
28,103900,100,8.1,8.3,8.1,11.7,16.9,13.5,17.3,8.1,8,70200,683,93620,832,1998,ALL RACES
29,102500,100,8.4,8.7,8.6,11.9,17,13.4,16.9,7.7,7.4,67720,515,90940,837,1997,ALL RACES
30,101000,100,8.5,9.2,8.7,12.1,17.2,13.4,17,7,6.8,66340,550,88080,812,1996,ALL RACES
31,99630,100,8.5,9.3,8.9,12.2,17.5,13.9,16.3,7.1,6.3,65380,622,86220,776,1995,ALL RACES
32,98990,100,9.2,9.6,8.9,12.7,17.4,13.2,16.2,6.6,6.2,63370,475,84710,750,1994,ALL RACES
33,97110,100,9.6,9.7,8.8,12.3,18.1,12.9,16.1,6.7,5.8,62700,482,83140,740,1993,ALL RACES
34,96430,100,9.6,9.6,9,12.1,18.1,13.6,16.4,6.4,5.3,63010,491,79880,551,1992,ALL RACES
35,95670,100,9.3,9.1,8.9,12.3,18.4,14,16.2,6.5,5.3,63530,503,79970,541,1991,ALL RACES
36,94310,100,9,8.9,8.6,12.2,18.4,14.3,16.4,6.7,5.5,65440,550,81740,568,1990,ALL RACES
37,93350,100,8.6,8.8,8.6,12,18.1,14.2,16.8,7,5.8,66240,599,83690,599,1989,ALL RACES
38,92830,100,9.3,8.9,8.5,12.2,18,14.3,16.8,6.6,5.4,65130,523,81380,598,1988,ALL RACES
39,91120,100,9.5,9.1,8.6,12.2,17.9,14.3,16.8,6.5,5.1,64650,502,80400,543,1987,ALL RACES
40,89480,100,9.7,9.1,8.7,12.4,18.1,14.5,16.7,6.1,4.8,63850,544,78890,527,1986,ALL RACES
41,88460,100,9.7,9.6,9.1,12.8,18.7,14.5,16,5.7,4.1,61570,549,75770,493,1985,ALL RACES
42,86790,100,9.6,9.9,9,13.2,18.9,14.2,15.8,5.5,3.9,60420,452,74030,448,1984,ALL RACES
43,85410,100,10.2,9.7,9.7,13.2,19.4,14.3,15,5,3.5,58650,439,71340,439,1983,ALL RACES
44,83920,100,10.2,10.1,9.1,13.5,19.7,14.4,14.8,4.8,3.3,59020,438,71130,433,1982,ALL RACES
45,83530,100,9.9,10.2,9.6,13.5,19,15.1,14.9,5.1,2.8,59190,510,70710,424,1981,ALL RACES
46,82370,100,9.6,10,9.3,12.8,19.7,15.1,15.6,4.9,3,60210,509,71610,431,1980,ALL RACES
47,80780,100,9.3,9.6,8.9,13.1,18.7,15.9,16,5.2,3.3,62140,484,73810,460,1979,ALL RACES
48,77330,100,9.2,9.8,9.1,13,19.2,15.5,16.2,4.8,3.3,62260,415,73270,462,1978,ALL RACES
49,76030,100,9.5,10.3,9.1,13.1,19.6,15.7,15.4,4.5,2.8,59920,370,71080,356,1977,ALL RACES
50,74140,100,9.6,10,9.3,13.3,19.8,16.1,15.1,4.2,2.6,59630,363,70150,356,1976,ALL RACES
51,72870,100,9.7,10.5,9.3,13.6,20.5,15.8,14.4,3.8,2.4,58630,392,68460,351,1975,ALL RACES
52,71160,100,9.2,9.8,9.1,12.9,21.2,15.8,15.1,4.3,2.6,60270,381,70480,363,1974,ALL RACES
53,69860,100,9.4,9.8,8.5,12.3,20.7,16,15.7,4.6,2.9,62150,389,71870,360,1973,ALL RACES
54,68250,100,10.2,9.3,9,12.6,20.8,16.4,14.8,4.3,2.7,60830,382,70800,361,1972,ALL RACES
55,66680,100,11.1,9.2,9.1,13.3,22.1,16,13.4,3.8,2.1,58530,373,67320,352,1971,ALL RACES
56,64780,100,11.2,8.9,8.7,13.1,22.9,15.7,13.9,3.6,2.2,59040,356,67600,356,1970,ALL RACES
57,63400,100,11.2,8.5,8.3,13.5,23,16.4,13.6,3.4,2.1,59470,362,67660,350,1969,ALL RACES
58,62210,100,11.4,8.9,8.7,14,24.5,15.7,12.2,2.9,1.7,57220,340,64730,340,1968,ALL RACES
59,60810,100,12.3,9.7,8.7,15.1,23.3,15.7,10.6,2.8,1.8,54880,329,61380,329,1967,ALL RACES
60,103100,100,6,5.9,6.5,9.7,15,12.2,17.4,10.8,16.5,88010,1272,124500,1412,2024,WHITE ALONE
61,101900,100,6.2,6.1,6.7,9.7,15.5,12.2,17.8,10.3,15.5,86820,1212,121000,1391,2023,WHITE ALONE
62,101400,100,6.9,6.5,7.1,9.9,15.7,12.2,17.8,9.8,14,82350,928,116500,1295,2022,WHITE ALONE
63,102100,100,6.8,6.7,6.8,9.7,15.1,12,17.2,10,15.7,85260,1047,121500,1358,2021,WHITE ALONE
64,100900,100,6.2,6.8,6.7,10,15.1,12.3,17.3,10.1,15.5,85920,884,120600,1432,2020,WHITE ALONE
65,100600,100,6,6.3,6.1,9.9,15.4,12.4,17.7,10.2,16.1,87510,969,123300,1445,2019,WHITE ALONE
66,100500,100,6.7,6.8,6.7,10.5,15.5,12.9,17.5,9.6,13.8,82330,794,115500,1271,2018,WHITE ALONE
67,100100,100,6.5,6.9,7.4,10.4,15.2,12.5,17.4,9.6,14,81340,1057,114800,1325,2017,WHITE ALONE
68,100100,100,6.6,7,7.5,10.3,15,12.4,17.5,10.1,13.5,81900,859,112500,1242,2017,WHITE ALONE
69,99400,100,6.8,7,7.6,10.6,15.7,12.6,17.3,9.5,12.9,78980,701,110200,1122,2016,WHITE ALONE
70,99310,100,6.8,7.6,8.3,11,15.4,12.3,17.4,9.5,11.7,77420,807,105900,996,2015,WHITE ALONE
71,98680,100,7.7,8,8.4,11,15.9,12.6,16.4,8.9,11,73190,752,101500,1107,2014,WHITE ALONE
72,98810,100,7.6,8.4,8.2,10.8,15.6,13,16.7,8.7,11,74070,1110,101600,1628,2013,WHITE ALONE
73,97770,100,7.4,8.5,8.1,11.5,16.3,13.1,16.7,8.6,9.8,72130,913,99000,1168,2013,WHITE ALONE
74,97710,100,7.3,8.4,8.7,11.6,16.2,13.1,16.5,8.5,9.6,70960,835,98320,1008,2012,WHITE ALONE
75,96960,100,7.5,8.1,8.4,12.2,16.6,12.6,16.5,8.1,9.9,70320,498,98060,935,2011,WHITE ALONE
76,96310,100,7.4,8.5,8.4,11.5,16.2,12.8,16.9,8.6,9.7,71800,578,97770,925,2010,WHITE ALONE
77,95490,100,6.8,7.7,8.4,11.9,16.6,13.1,17,8.7,9.9,73000,357,99300,630,2009,WHITE ALONE
78,95300,100,6.7,8,8.2,11.7,16.2,12.9,17.7,8.7,9.9,73340,351,99800,632,2008,WHITE ALONE
79,95110,100,6.4,8.1,7.7,10.9,16.6,12.7,17.8,9.3,10.4,75740,368,102200,641,2007,WHITE ALONE
80,94710,100,6.6,7.5,7.6,11.6,17,12.8,17.5,9,10.4,75530,360,103000,706,2006,WHITE ALONE
81,93590,100,6.6,8.1,7.8,11.6,16.3,13.5,17.1,9.1,9.9,74480,535,101200,689,2005,WHITE ALONE
82,92880,100,6.7,8.3,8,11.6,16.1,13.4,17.3,8.8,9.6,73640,475,99290,672,2004,WHITE ALONE
83,91960,100,6.8,8.2,7.9,11.6,16.5,12.9,17.5,9.1,9.6,73820,476,99640,657,2003,WHITE ALONE
84,91650,100,6.8,8.2,7.8,11.6,16.2,13.2,17.9,9,9.2,74460,497,99370,666,2002,WHITE ALONE
85,90680,100,6.4,7.9,8.1,10.8,17.1,13.1,18,8.9,9.6,74440,575,101200,715,2001,WHITE
86,90030,100,6.3,8,7.8,11.2,16.7,13.4,18.3,8.7,9.7,75090,546,101300,714,2000,WHITE
87,88890,100,6.1,7.8,7.9,11.7,16.7,13.3,18.3,9,9.3,74860,623,100300,934,1999,WHITE
88,87210,100,6.6,7.9,7.8,11.5,17,13.9,18.1,8.5,8.6,73860,609,97860,947,1998,WHITE
89,86110,100,7.1,8.2,8.4,11.7,17,13.8,17.6,8.1,8.1,71320,744,94980,951,1997,WHITE
90,85060,100,7.1,8.7,8.4,12,17.3,14,17.8,7.4,7.4,69460,590,91580,892,1996,WHITE
91,84510,100,7.1,8.8,8.7,12.1,17.7,14.2,17,7.5,6.9,68620,590,89650,855,1995,WHITE
92,83740,100,7.6,9.1,8.6,12.6,17.7,13.5,17.1,7.1,6.7,66830,617,88450,846,1994,WHITE
93,82390,100,7.9,9,8.6,12.1,18.4,13.5,17.1,7.1,6.3,66150,634,86870,825,1993,WHITE
94,81800,100,7.8,9.1,8.7,12,18.4,14.1,17.4,6.9,5.7,66240,528,83490,612,1992,WHITE
95,81680,100,7.6,8.6,8.7,12.2,18.7,14.5,17.1,7,5.7,66570,531,83350,597,1991,WHITE
96,80970,100,7.4,8.2,8.4,12.2,18.8,14.7,17.3,7,5.9,68250,514,85040,626,1990,WHITE
97,80160,100,7,8.3,8.4,11.8,18.3,14.7,17.7,7.4,6.2,69680,558,87180,663,1989,WHITE
98,79730,100,7.6,8.2,8.2,12.2,18.4,14.9,17.7,7,5.8,68850,669,84850,657,1988,WHITE
99,78520,100,7.7,8.5,8.3,12.1,18.3,14.9,17.8,6.9,5.4,68120,563,83840,596,1987,WHITE
100,77280,100,8.1,8.5,8.3,12.2,18.4,15,17.6,6.5,5.2,67130,536,82170,578,1986,WHITE
101,76580,100,8.2,9,8.7,12.6,19,15,16.7,6.2,4.4,64930,570,78880,545,1985,WHITE
102,75330,100,8.1,9.3,8.7,13.1,19.3,14.9,16.6,5.8,4.2,63740,528,77080,492,1984,WHITE
103,74380,100,8.6,9,9.4,13.1,20,14.9,15.8,5.4,3.9,61510,457,74300,476,1983,WHITE
104,73180,100,8.8,9.5,8.7,13.5,20.1,15,15.7,5.2,3.6,61790,462,74060,477,1982,WHITE
105,72850,100,8.4,9.4,9.3,13.3,19.4,15.7,15.8,5.5,3.1,62540,475,73680,459,1981,WHITE
106,71870,100,8.2,9.3,8.9,12.7,20.1,15.8,16.5,5.3,3.2,63520,537,74500,470,1980,WHITE
107,70770,100,8,8.9,8.5,12.9,19.1,16.5,16.9,5.6,3.6,65150,509,76720,503,1979,WHITE
108,68030,100,7.9,9.2,8.8,12.8,19.4,16.2,17,5.1,3.6,64720,469,75990,503,1978,WHITE
109,66930,100,8.3,9.6,8.7,12.8,19.9,16.4,16.3,4.8,3.1,63010,436,73860,392,1977,WHITE
110,65350,100,8.5,9.3,8.9,13.2,20.1,16.8,16,4.5,2.8,62470,425,72840,387,1976,WHITE
111,64390,100,8.6,9.8,9.1,13.4,20.8,16.4,15.2,4,2.6,61310,368,70990,384,1975,WHITE
112,62980,100,8.2,9.1,8.7,12.6,21.6,16.5,15.8,4.7,2.8,63030,390,73090,390,1974,WHITE
113,61970,100,8.5,9,8.1,11.9,21,16.6,16.7,5,3.2,65130,408,74650,389,1973,WHITE
114,60620,100,9.1,8.5,8.4,12.2,21.3,17.1,15.6,4.7,2.9,63820,402,73560,392,1972,WHITE
115,59460,100,10.1,8.5,8.6,12.9,22.7,16.7,14.2,4.1,2.2,61220,384,69750,373,1971,WHITE
116,57580,100,10.2,8.2,8.3,12.7,23.3,16.4,14.7,3.8,2.3,61490,389,69970,378,1970,WHITE
117,56250,100,10.1,7.9,7.9,13,23.6,17.1,14.5,3.7,2.3,62070,373,70170,385,1969,WHITE
118,55390,100,10.4,8.2,8.1,13.8,25.2,16.4,12.9,3.1,1.8,59580,365,67060,365,1968,WHITE
119,54190,100,11.3,8.8,8.2,14.8,24.1,16.5,11.3,3,1.9,57230,341,63620,354,1967,WHITE
120,84700,100,5.6,5.8,6.2,9.2,14.3,12.1,17.7,11.3,17.8,92530,1271,129800,1646,2024,"WHITE ALONE, NOT HISPANIC"
121,84440,100,5.7,5.9,6.4,9.1,14.8,12.1,18.2,10.7,17,91360,1265,126600,1585,2023,"WHITE ALONE, NOT HISPANIC"
122,84490,100,6.4,6.4,6.8,9.5,15.2,12,18.2,10.3,15.2,86410,1022,121500,1507,2022,"WHITE ALONE, NOT HISPANIC"
123,85080,100,6.2,6.6,6.5,9.2,14.4,11.9,17.5,10.5,17.1,89550,1240,127200,1594,2021,"WHITE ALONE, NOT HISPANIC"
124,84710,100,5.8,6.5,6.4,9.3,14.6,12.1,17.7,10.7,16.9,90430,1019,126400,1663,2020,"WHITE ALONE, NOT HISPANIC"
125,84870,100,5.6,6.1,5.7,9.3,14.9,12.2,18,10.7,17.5,92180,1062,129300,1647,2019,"WHITE ALONE, NOT HISPANIC"
126,84730,100,6.2,6.4,6.3,9.9,15.1,12.9,18.1,10.1,15,86880,802,120900,1438,2018,"WHITE ALONE, NOT HISPANIC"
127,84710,100,6.1,6.7,7,9.9,14.8,12.3,17.9,10.1,15.2,85560,1391,120100,1457,2017,"WHITE ALONE, NOT HISPANIC"
128,84680,100,6.1,6.9,7.1,9.9,14.6,12.3,17.8,10.6,14.7,85500,1317,117300,1364,2017,"WHITE ALONE, NOT HISPANIC"
129,84390,100,6.4,6.7,7.3,10.2,15.3,12.5,17.7,9.9,14.1,83040,1071,114600,1279,2016,"WHITE ALONE, NOT HISPANIC"
130,84450,100,6.2,7.3,7.8,10.5,15,12.3,18.1,10.1,12.7,81080,1148,110200,1125,2015,"WHITE ALONE, NOT HISPANIC"
131,84230,100,7.3,7.7,7.9,10.5,15.5,12.7,16.9,9.6,12.1,77550,779,106100,1226,2014,"WHITE ALONE, NOT HISPANIC"
132,84430,100,7.1,7.8,7.8,10,15.5,13.2,17.3,9.3,12,78750,1145,106000,1821,2013,"WHITE ALONE, NOT HISPANIC"
133,83640,100,6.8,8.1,7.6,11,16,13.2,17.3,9.2,10.8,76070,1314,103600,1355,2013,"WHITE ALONE, NOT HISPANIC"
134,83790,100,6.6,8,8.2,11.1,15.9,13.3,17.2,9.1,10.5,75320,780,102800,1119,2012,"WHITE ALONE, NOT HISPANIC"
135,83570,100,6.8,7.8,8,11.6,16.2,12.7,17.2,8.7,10.9,74620,727,102400,1059,2011,"WHITE ALONE, NOT HISPANIC"
136,83310,100,6.7,8.2,8,10.9,16,12.9,17.5,9.2,10.6,75620,1019,101800,1051,2010,"WHITE ALONE, NOT HISPANIC"
137,83160,100,6.2,7.3,8,11.3,16.4,13.2,17.6,9.2,10.7,76660,646,103100,692,2009,"WHITE ALONE, NOT HISPANIC"
138,82880,100,6.2,7.7,7.8,11.1,15.9,13,18.4,9.2,10.8,77850,519,103900,699,2008,"WHITE ALONE, NOT HISPANIC"
139,82770,100,5.9,7.8,7.3,10.4,16.2,12.8,18.3,10,11.3,79820,591,106400,705,2007,"WHITE ALONE, NOT HISPANIC"
140,82680,100,6.1,7.3,7.2,11.2,16.4,12.9,18,9.6,11.3,78140,461,106900,777,2006,"WHITE ALONE, NOT HISPANIC"
141,82000,100,6.2,7.8,7.3,11.1,15.9,13.5,17.7,9.7,10.7,77900,434,105200,765,2005,"WHITE ALONE, NOT HISPANIC"
142,81630,100,6.3,8.1,7.6,11.1,15.8,13.5,18,9.3,10.3,77190,582,103000,737,2004,"WHITE ALONE, NOT HISPANIC"
143,81150,100,6.4,7.9,7.5,11,16.1,13,18.1,9.6,10.4,77290,615,103400,721,2003,"WHITE ALONE, NOT HISPANIC"
144,81170,100,6.5,7.9,7.4,11.1,15.9,13.3,18.5,9.5,9.8,77460,500,102600,717,2002,"WHITE ALONE, NOT HISPANIC"
145,80820,100,6.1,7.7,7.7,10.5,16.6,13.2,18.5,9.4,10.2,77430,528,104400,778,2001,"WHITE, NOT HISPANIC"
146,80530,100,6,7.8,7.3,10.9,16.4,13.3,18.8,9.2,10.3,78010,515,104400,771,2000,"WHITE, NOT HISPANIC"
147,79820,100,5.7,7.4,7.6,11.2,16.4,13.5,18.8,9.5,9.9,78100,812,103600,1010,1999,"WHITE, NOT HISPANIC"
148,78580,100,6,7.5,7.5,11.1,16.8,14,18.8,9,9.2,76620,725,101000,1016,1998,"WHITE, NOT HISPANIC"
149,77940,100,6.5,7.8,8.1,11.3,16.9,13.9,18.3,8.6,8.6,74260,638,98020,N,1997,"WHITE, NOT HISPANIC"
150,77240,100,6.5,8.3,8,11.7,17.2,14.2,18.5,7.8,7.8,72500,818,94350,N,1996,"WHITE, NOT HISPANIC"
151,76930,100,6.4,8.3,8.3,11.7,17.7,14.6,17.7,7.9,7.3,71330,612,92580,912,1995,"WHITE, NOT HISPANIC"
152,77000,100,7,8.7,8.4,12.4,17.7,13.8,17.6,7.4,7.1,68990,601,90700,885,1994,"WHITE, NOT HISPANIC"
153,75700,100,7.4,8.6,8.4,11.8,18.2,13.8,17.6,7.5,6.7,68580,660,89160,875,1993,"WHITE, NOT HISPANIC"
154,75110,100,7.3,8.8,8.4,11.7,18.3,14.3,18,7.2,6,68460,697,85610,650,1992,"WHITE, NOT HISPANIC"
155,75630,100,7.2,8.3,8.4,12,18.6,14.7,17.5,7.3,5.9,68160,552,85140,624,1991,"WHITE, NOT HISPANIC"
156,75040,100,7,7.9,8.2,12,18.7,14.8,17.8,7.3,6.2,69810,536,86920,647,1990,"WHITE, NOT HISPANIC"
157,74500,100,6.6,8.1,8.3,11.6,18.3,14.9,18,7.7,6.5,71180,573,88930,716,1989,"WHITE, NOT HISPANIC"
158,74070,100,7.1,8,7.9,12,18.3,15.1,18.2,7.3,6,70750,685,86580,669,1988,"WHITE, NOT HISPANIC"
159,73120,100,7.3,8.2,8.1,11.9,18.2,15.1,18.3,7.2,5.6,69990,641,85480,653,1987,"WHITE, NOT HISPANIC"
160,72070,100,7.7,8.3,8,12.1,18.4,15.2,18.1,6.7,5.5,68660,582,83800,633,1986,"WHITE, NOT HISPANIC"
161,71540,100,7.9,8.7,8.5,12.4,19,15.3,17.2,6.4,4.7,66390,557,80420,600,1985,"WHITE, NOT HISPANIC"
162,70590,100,7.7,9,8.5,13,19.3,15.1,17,6,4.4,65060,594,78420,576,1984,"WHITE, NOT HISPANIC"
163,69650,100,8.2,8.6,9.3,12.9,20,15.1,16.2,5.5,4,63090,522,76250,536,1983,"WHITE, NOT HISPANIC"
164,69210,100,8.5,9.2,8.6,13.4,20.1,15.2,16,5.4,3.8,62830,520,75150,529,1982,"WHITE, NOT HISPANIC"
165,69000,100,8.3,9.2,9.1,13.2,19.3,15.9,16.1,5.7,3.2,63440,531,74600,510,1981,"WHITE, NOT HISPANIC"
166,68110,100,8,9.1,8.7,12.6,20.1,16,16.8,5.5,3.3,64640,604,75470,559,1980,"WHITE, NOT HISPANIC"
167,67200,100,7.9,8.7,8.4,12.7,19,16.7,17.2,5.7,3.8,66070,602,77610,559,1979,"WHITE, NOT HISPANIC"
168,64840,100,7.8,9,8.6,12.6,19.4,16.3,17.3,5.2,3.7,65940,571,76880,544,1978,"WHITE, NOT HISPANIC"
169,63720,100,8.2,9.4,8.5,12.6,19.9,16.6,16.7,5,3.2,64260,596,74780,581,1977,"WHITE, NOT HISPANIC"
170,62370,100,8.3,9.1,8.8,13,20.1,16.9,16.4,4.6,2.9,63740,611,73780,541,1976,"WHITE, NOT HISPANIC"
171,61530,100,8.4,9.7,8.9,13.3,20.8,16.6,15.6,4.2,2.7,61780,539,71860,572,1975,"WHITE, NOT HISPANIC"
172,60160,100,8.1,8.9,8.5,12.4,21.5,16.6,16.2,4.8,2.9,63570,514,73920,531,1974,"WHITE, NOT HISPANIC"
173,59240,100,8.4,8.9,8,11.6,20.9,16.7,17,5.1,3.3,65700,506,75480,525,1973,"WHITE, NOT HISPANIC"
174,58010,100,9.1,8.3,8.2,12,21.1,17.3,16,4.9,3,64730,506,74410,547,1972,"WHITE, NOT HISPANIC"
175,19740,100,13.1,9.7,8.9,12.8,17.1,11.4,12.6,6.1,8.4,56290,1229,84440,2461,2024,BLACK ALONE OR IN COMBINATION
176,19240,100,13.7,9.5,8.2,12.3,17.4,12.1,13.1,6.1,7.6,58350,1401,83260,2413,2023,BLACK ALONE OR IN COMBINATION
177,19160,100,12.8,9.2,9.7,12.2,18.4,11.5,12.7,6.4,7.1,57030,1646,82250,2151,2022,BLACK ALONE OR IN COMBINATION
178,18700,100,13.2,10.7,9.2,12.5,16.6,11.7,12.5,5.9,7.7,56050,1910,82120,2157,2021,BLACK ALONE OR IN COMBINATION
179,18290,100,14.3,10.3,8.9,12.6,16.3,11.4,13.5,5.6,7.2,56080,1512,82660,2209,2020,BLACK ALONE OR IN COMBINATION
180,18060,100,13.6,10.1,9.8,12.8,16.1,10.9,13,6.3,7.3,55840,1392,82320,2326,2019,BLACK ALONE OR IN COMBINATION
181,18100,100,15.7,10.9,9.2,13.5,16.5,11.2,11.5,5.6,5.9,51280,1127,73010,1641,2018,BLACK ALONE OR IN COMBINATION
182,17810,100,14.8,11.3,10.2,13.6,15.9,11,11.9,5.5,5.8,50170,1418,73240,1637,2017,BLACK ALONE OR IN COMBINATION
183,17800,100,15.3,10.7,9.9,13.3,15.9,11,12.6,5.7,5.6,50930,1034,74010,1649,2017,BLACK ALONE OR IN COMBINATION
184,17510,100,15.2,11,10.3,13,16,11.7,12.1,5.4,5.3,51150,1224,74210,1966,2016,BLACK ALONE OR IN COMBINATION
185,17320,100,16.3,12,10.3,12.8,16,10.9,11.8,5.5,4.6,47930,1157,70590,1837,2015,BLACK ALONE OR IN COMBINATION
186,17200,100,16.9,12.3,10.8,13.6,16.6,9.6,10.9,4.9,4.3,45890,999,66440,1467,2014,BLACK ALONE OR IN COMBINATION
187,16720,100,16.9,11.3,11.2,13.8,16.9,9.8,11,4.7,4.4,46690,1671,67450,2841,2013,BLACK ALONE OR IN COMBINATION
188,16860,100,16.8,13.2,10.3,14.1,16.5,9.8,10.8,4.7,3.7,45390,1503,64890,1870,2013,BLACK ALONE OR IN COMBINATION
189,16560,100,17.6,12.6,11.4,12.8,16.3,10.2,11,4.6,3.4,44550,1734,63630,1604,2012,BLACK ALONE OR IN COMBINATION
190,16170,100,18.4,12.7,10.9,13.3,15.4,10.3,10.7,4.3,3.8,43590,1225,63980,1712,2011,BLACK ALONE OR IN COMBINATION
191,15910,100,18.5,12.1,10.8,13.2,16.2,10.2,10.7,4.6,3.5,44650,1074,63180,1432,2010,BLACK ALONE OR IN COMBINATION
192,15210,100,16,12.1,10.6,14.8,16.4,10.5,11.9,4.2,3.6,46100,968,65140,1195,2009,BLACK ALONE OR IN COMBINATION
193,15060,100,15.8,11.1,10.3,15.3,17.4,10.4,11.1,5,3.6,48150,1012,65440,1125,2008,BLACK ALONE OR IN COMBINATION
194,14980,100,16.1,11.8,9.6,13,17.1,11,12.5,5,3.9,49550,1112,68060,1224,2007,BLACK ALONE OR IN COMBINATION
195,14710,100,16.3,11.2,10.2,13.9,17.1,11,11.4,4.8,4.1,47900,584,67810,1368,2006,BLACK ALONE OR IN COMBINATION
196,14400,100,16.7,12.3,10.4,13.2,16.3,11.7,11,4.7,3.7,47480,744,65540,1173,2005,BLACK ALONE OR IN COMBINATION
197,14150,100,16.8,11.4,10.6,13.8,17,10.8,11.9,4.3,3.3,47720,719,64330,1124,2004,BLACK ALONE OR IN COMBINATION
198,13970,100,16.3,12.1,10.1,13.7,16.6,11.1,11.8,4.8,3.4,48030,993,65220,1136,2003,BLACK ALONE OR IN COMBINATION
199,13780,100,16.1,12.1,10.2,13.8,17.2,10.5,11.6,4.6,3.8,48190,1043,66610,1277,2002,BLACK ALONE OR IN COMBINATION
200,18590,100,13.2,9.7,9.1,12.7,17.1,11.4,12.5,6.1,8.2,56020,1244,83810,2524,2024,BLACK ALONE
201,18040,100,13.8,9.6,8.3,12.4,17.1,12.1,13.2,6,7.5,57950,1362,82800,2485,2023,BLACK ALONE
202,18080,100,13,9.4,9.9,12.2,18.3,11.1,12.8,6.4,7,56350,1567,81570,2254,2022,BLACK ALONE
203,17700,100,13.4,11,9.2,12.4,16.6,11.7,12.4,5.7,7.6,55450,1927,81400,2231,2021,BLACK ALONE
204,17320,100,14.5,10.4,8.9,12.7,16.4,11.4,13.1,5.5,7.1,55210,1521,81280,2347,2020,BLACK ALONE
205,17050,100,13.9,10.2,9.8,12.9,16.2,10.9,13.1,6.1,7,55070,1469,80660,2281,2019,BLACK ALONE
206,17170,100,16,11,9.1,13.6,16.5,11.2,11.3,5.5,5.8,50870,1114,72150,1655,2018,BLACK ALONE
207,17020,100,15,11.4,10.2,13.7,15.8,10.9,11.8,5.5,5.7,49390,1750,72810,1694,2017,BLACK ALONE
208,17000,100,15.6,10.8,9.9,13.3,15.9,10.9,12.3,5.7,5.6,50510,1191,73520,1703,2017,BLACK ALONE
209,16730,100,15.6,11,10.4,13,15.9,11.6,12,5.3,5.2,50420,1514,73340,1957,2016,BLACK ALONE
210,16540,100,16.4,12.1,10.3,12.9,15.9,10.8,11.8,5.4,4.5,47530,1087,70010,1824,2015,BLACK ALONE
211,16440,100,17,12.5,10.8,13.8,16.7,9.5,10.8,4.8,4.2,45560,976,65940,1463,2014,BLACK ALONE
212,16010,100,17.4,11.5,11.2,13.7,16.5,9.9,10.9,4.6,4.2,46110,1840,65860,2545,2013,BLACK ALONE
213,16110,100,16.9,13.2,10.3,14.1,16.4,9.9,10.8,4.6,3.7,45160,1563,64790,1900,2013,BLACK ALONE
214,15870,100,17.8,12.7,11.5,12.9,16.4,10.2,10.9,4.5,3.3,44020,1717,63070,1637,2012,BLACK ALONE
215,15580,100,18.5,12.8,10.9,13.4,15.4,10.3,10.7,4.2,3.7,43400,1128,63640,1779,2011,BLACK ALONE
216,15270,100,18.6,12.2,10.9,13.2,16.3,10.3,10.7,4.5,3.4,44610,1140,62420,1430,2010,BLACK ALONE
217,14730,100,16.1,12.1,10.6,14.8,16.4,10.4,11.9,4.2,3.4,45860,912,64810,1216,2009,BLACK ALONE
218,14600,100,15.9,11.1,10.4,15.3,17.3,10.4,11.1,4.9,3.5,47970,1017,65240,1148,2008,BLACK ALONE
219,14550,100,16.2,11.8,9.6,13.1,17,11.1,12.5,5,3.7,49290,1136,67770,1243,2007,BLACK ALONE
220,14350,100,16.5,11.3,10.2,13.9,17.1,10.9,11.4,4.7,4,47650,591,67270,1368,2006,BLACK ALONE
221,14000,100,16.8,12.3,10.3,13.2,16.5,11.6,10.9,4.7,3.6,47330,759,65120,1163,2005,BLACK ALONE
222,13810,100,16.9,11.5,10.6,13.9,16.9,10.7,11.9,4.3,3.3,47500,813,64130,1142,2004,BLACK ALONE
223,13630,100,16.5,12.1,10.1,13.7,16.7,11,11.8,4.8,3.3,47960,1027,64920,1144,2003,BLACK ALONE
224,13470,100,16.2,12.1,10.2,13.9,17.2,10.4,11.6,4.5,3.7,47940,1062,66080,1255,2002,BLACK ALONE
225,13320,100,15.5,10.9,10.6,13.7,17.3,11.5,12.6,4.8,3.1,49280,954,65630,1139,2001,BLACK
226,13170,100,14.9,10.7,10.4,13.5,17.8,12.4,12,4.9,3.4,50720,1105,66990,1117,2000,BLACK
227,12840,100,15.6,11.7,9.8,13.8,16.5,11.1,12.2,5.2,4.2,49370,1513,68030,1606,1999,BLACK
228,12580,100,17.9,11.7,10.7,13.7,16.5,10.8,11.2,4.5,2.9,45770,1179,61630,1354,1998,BLACK
229,12470,100,17.6,12,10.8,13.6,17.1,11.4,11.4,3.7,2.5,45840,1297,60320,1424,1997,BLACK
230,12110,100,17.8,13.4,11.1,13.5,16.7,10.2,11.3,3.8,2.2,43890,1421,60680,1949,1996,BLACK
231,11580,100,18.5,13.1,10.9,13.9,16.3,11.6,10.3,3.5,1.9,42960,1206,58330,1641,1995,BLACK
232,11660,100,20.1,13.1,11.2,13.8,14.8,10.8,10.4,3.6,2.4,41300,1263,57460,1357,1994,BLACK
233,11280,100,21.2,14.9,10.1,13.6,16.5,9.4,9.3,3.3,1.9,39200,1274,54650,1492,1993,BLACK
234,11270,100,22.8,13.6,10.7,12.9,16.1,10.2,8.9,3,1.6,38570,1296,52340,1167,1992,BLACK
235,11080,100,22,13.3,10.8,12.5,16.7,11,9.3,2.9,1.5,39660,1370,52810,1134,1991,BLACK
236,10670,100,21.2,13.8,10.1,13.1,16.1,11,9.5,3.6,1.6,40820,1532,54230,1204,1990,BLACK
237,10490,100,20.9,12.8,10.6,13.3,16.6,10.6,10.2,3.4,1.6,41440,1387,54990,1229,1989,BLACK
238,10560,100,21.8,14.1,10.4,13,15.9,9.9,10.2,3,1.8,39250,1346,53770,1291,1988,BLACK
239,10190,100,22.3,13.5,10.9,13.7,16,9.9,8.9,3,1.7,38880,1224,52500,1188,1987,BLACK
240,9922,100,22.1,13.5,11.1,13.3,16,10.6,9.2,3,1.2,38680,1249,51890,1160,1986,BLACK
241,9797,100,21.2,14,11.5,15,15.8,10.1,9.2,2.1,1,38630,1235,50400,1076,1985,BLACK
242,9480,100,21.5,15.5,11.7,14.6,16.1,8.8,8.5,2.4,0.9,36310,1148,48430,980,1984,BLACK
243,9236,100,23.1,15.3,11.6,14.3,15.6,9.6,8,2,0.5,34910,1076,46430,942,1983,BLACK
244,8916,100,22.6,15.1,12.1,14.2,16.9,10,7.2,1.4,0.6,35020,924,46080,948,1982,BLACK
245,8961,100,22.1,16.2,11.9,14.4,15.6,10,7.8,1.7,0.3,35090,970,46100,919,1981,BLACK
246,8847,100,21.2,15.6,12.5,13.7,16.9,9.3,8.3,1.8,0.6,36590,1135,47490,962,1980,BLACK
247,8586,100,19.7,15.4,11.9,14.9,15.7,11,8.8,2,0.5,38250,1149,49080,994,1979,BLACK
248,8066,100,19.4,15.7,11.5,14.3,17.5,10,9.2,2,0.6,38890,1353,49700,1067,1978,BLACK
249,7977,100,19.2,15.8,12.8,15.6,16.7,10.2,7.6,1.6,0.5,37180,821,47640,697,1977,BLACK
250,7776,100,18.9,16.6,12.4,14.6,17.6,10.8,7.2,1.5,0.4,37150,758,47460,696,1976,BLACK
251,7489,100,20,17.1,11.4,14.8,18,10.2,6.9,1.2,0.4,36810,891,45950,670,1975,BLACK
252,7263,100,18.9,15.9,12.5,16.1,17.7,9.6,7.8,1.2,0.3,37490,744,46620,682,1974,BLACK
253,7040,100,18.1,16.2,11.6,15.8,18,11.2,7,1.4,0.7,38340,982,47610,778,1973,BLACK
254,6809,100,19.3,15.4,13.3,15.3,17.1,10.5,7.2,1.3,0.6,37250,918,47060,826,1972,BLACK
255,6578,100,20.3,15.3,13.2,16.2,17.8,9.4,6.4,1,0.4,36160,885,44810,757,1971,BLACK
256,6180,100,20.6,14.7,12,16.2,18.7,9.1,7.1,1.1,0.4,37430,845,45700,812,1970,BLACK
257,6053,100,20.7,14.2,12.5,17.6,18.4,9.7,5.6,0.9,0.3,37520,910,44660,781,1969,BLACK
258,5870,100,21,15.5,13.8,16.4,18.4,8.6,5.3,0.8,0.3,35130,839,42790,742,1968,BLACK
259,5728,100,22.1,17.4,13.3,17.8,15.7,8.2,3.9,1.2,0.5,33230,910,39930,733,1967,BLACK
260,9089,100,5.4,4,4.4,6.2,10.9,10.1,17.4,12.7,28.9,120900,3244,169300,5122,2024,ASIAN ALONE OR IN COMBINATION
261,8278,100,5.7,4.6,4.5,7.3,11.7,9.9,17.3,11.9,27.2,115200,3886,161900,5182,2023,ASIAN ALONE OR IN COMBINATION
262,8160,100,6.7,4.8,4.2,6.3,11.6,10.2,18.9,11.5,25.8,116600,4033,157400,5068,2022,ASIAN ALONE OR IN COMBINATION
263,7852,100,7.2,4.2,5.4,5.8,12.2,9.9,17.1,11.8,26.4,116000,3110,158200,5588,2021,ASIAN ALONE OR IN COMBINATION
264,7555,100,6,5.1,3.9,7.1,12.7,10.1,16.3,11.6,27.2,113900,4266,158500,5074,2020,ASIAN ALONE OR IN COMBINATION
265,7334,100,5.4,4.1,4.4,6.6,12,10.7,17.8,13,25.9,117700,3328,159500,5264,2019,ASIAN ALONE OR IN COMBINATION
266,7416,100,7,5,5,7.5,11.8,11.2,17.9,12.1,22.5,106800,2990,146300,4340,2018,ASIAN ALONE OR IN COMBINATION
267,7124,100,6.9,4.5,5.7,7.3,12.6,12.1,17.1,12.2,21.6,101600,2272,142900,5261,2017,ASIAN ALONE OR IN COMBINATION
268,7114,100,7.2,4.6,5.7,6.8,12.3,12.5,16.8,11.9,22.1,101600,2378,142700,4968,2017,ASIAN ALONE OR IN COMBINATION
269,6750,100,6.9,4.8,5.6,7.5,11.7,12.4,18.1,12.1,20.9,103200,2375,136500,3722,2016,ASIAN ALONE OR IN COMBINATION
270,6640,100,8,5.2,5.1,7.4,13.4,11.5,17.7,11.3,20.5,98870,2964,135400,4659,2015,ASIAN ALONE OR IN COMBINATION
271,6333,100,7.8,5,6,9,12,12,18.1,12.7,17.4,96310,4194,126300,4080,2014,ASIAN ALONE OR IN COMBINATION
272,6160,100,7.8,6.1,4.7,8.2,13.4,12,18.6,11.2,18,94600,6854,131900,9070,2013,ASIAN ALONE OR IN COMBINATION
273,6111,100,8.7,5.1,6.5,8.4,13.6,14.1,16.8,11,15.8,87940,3912,119200,4864,2013,ASIAN ALONE OR IN COMBINATION
274,5872,100,7.8,5.1,6.5,8.2,14.3,13.5,17.5,11.1,16,90080,3775,121200,4116,2012,ASIAN ALONE OR IN COMBINATION
275,5705,100,8.1,5.9,6.7,9.6,13.5,12.1,19.4,10.8,13.8,87530,3465,115500,4548,2011,ASIAN ALONE OR IN COMBINATION
276,5550,100,7.9,5.5,7.5,8.3,13.8,12.9,16.6,11.4,16.1,88210,3346,116200,3673,2010,ASIAN ALONE OR IN COMBINATION
277,4940,100,8.4,5.5,5.7,9.3,13.8,11.6,17.9,10.9,17,91600,3323,126800,4098,2009,ASIAN ALONE OR IN COMBINATION
278,4805,100,7.8,5.7,6.8,8.9,13.8,10.7,18,12,16.3,91920,3259,121000,3429,2008,ASIAN ALONE OR IN COMBINATION
279,4715,100,7.2,5.6,5.4,8,14,11.5,20.1,11.4,16.8,95740,3314,122900,3457,2007,ASIAN ALONE OR IN COMBINATION
280,4664,100,6.6,5.2,5.2,8.9,14.6,11.9,18,12,17.6,95250,3965,130500,4492,2006,ASIAN ALONE OR IN COMBINATION
281,4500,100,7.7,5.9,5.4,7.8,12.5,14.2,18.3,12.2,16,93640,1839,122700,3522,2005,ASIAN ALONE OR IN COMBINATION
282,4346,100,7.3,5.7,5.7,8.4,13.7,14.1,18.4,11.6,15.2,90670,3006,120200,3731,2004,ASIAN ALONE OR IN COMBINATION
283,4235,100,9.4,6.6,6.7,6.6,13.9,12.2,18.6,11.5,14.4,89400,3279,112300,3178,2003,ASIAN ALONE OR IN COMBINATION
284,4079,100,7.2,5.6,6.6,9.6,14.5,13.5,17.8,11.7,13.5,86350,2149,114700,3589,2002,ASIAN ALONE OR IN COMBINATION
285,8304,100,5.4,3.9,4.5,6,10.9,10.2,16.9,12.8,29.3,121700,3993,170300,5343,2024,ASIAN ALONE
286,7655,100,5.8,4.6,4.6,7.2,11.4,9.8,17.2,11.8,27.6,115800,4295,162300,5438,2023,ASIAN ALONE
287,7609,100,7.1,4.6,4.3,6.1,11.5,10.2,18.6,11.6,25.9,115900,4142,157400,5275,2022,ASIAN ALONE
288,7276,100,7.2,4.4,5.5,5.8,12,9.7,16.9,11.5,26.9,116400,3293,159500,5906,2021,ASIAN ALONE
289,7002,100,6,5.2,4.1,7.1,12.8,9.8,16.1,11.8,27.1,114200,4564,157600,4927,2020,ASIAN ALONE
290,6853,100,5.5,4.1,4.4,6.7,11.8,10.1,18,12.9,26.4,119000,3718,161300,5381,2019,ASIAN ALONE
291,6981,100,7.1,5,4.8,7.6,11.8,11,17.9,12.1,22.8,107200,3450,147400,4574,2018,ASIAN ALONE
292,6750,100,6.9,4.6,5.5,7.1,12.6,12.1,17.3,12.2,21.8,102100,2231,143600,5434,2017,ASIAN ALONE
293,6735,100,7.2,4.8,5.5,6.6,12.1,12.6,16.9,11.9,22.3,102000,2462,143200,5069,2017,ASIAN ALONE
294,6392,100,6.9,4.7,5.5,7.5,11.4,12.4,18.2,12.1,21.3,104000,2447,137900,3822,2016,ASIAN ALONE
295,6328,100,7.9,4.9,5,7.5,13.3,11.5,17.9,11.1,20.7,99390,3596,135800,4719,2015,ASIAN ALONE
296,6040,100,8,5.1,6.1,8.9,11.9,12,17.7,12.9,17.4,95630,4461,125600,4065,2014,ASIAN ALONE
297,5818,100,8,6,4.9,7.8,13.4,12.2,18.2,11.4,18.1,94490,7219,132100,9590,2013,ASIAN ALONE
298,5759,100,8.7,5.2,6.6,8.6,13.5,14.2,16.3,11.2,15.7,87550,3693,118500,4952,2013,ASIAN ALONE
299,5560,100,7.8,5.2,6.5,8.2,14,13.3,17.8,11.1,16,90680,4108,120800,3990,2012,ASIAN ALONE
300,5374,100,8,5.8,6.7,9.7,13.5,12.2,19.4,10.9,13.7,87710,3471,115300,4592,2011,ASIAN ALONE
301,5212,100,8.1,5.4,7.5,8.2,13.3,12.8,16.6,11.5,16.6,89230,3598,117400,3874,2010,ASIAN ALONE
302,4687,100,8.4,5.5,5.7,9.2,13.5,11.9,17.8,11.1,17.1,92150,2934,127800,4272,2009,ASIAN ALONE
303,4573,100,7.9,5.7,6.8,8.8,13.9,10.6,17.9,11.9,16.5,92020,3196,120800,3466,2008,ASIAN ALONE
304,4494,100,7.2,5.7,5.4,7.9,13.9,11.3,20.2,11.5,16.8,96070,3311,123600,3586,2007,ASIAN ALONE
305,4454,100,6.7,5.3,5.2,9,14.3,11.8,17.9,11.8,18,95750,4105,131600,4659,2006,ASIAN ALONE
306,4273,100,7.7,6.1,5.3,7.8,12.1,14.5,18.2,12.3,16,93710,1797,122900,3565,2005,ASIAN ALONE
307,4123,100,7.2,5.7,5.8,8.4,13.5,14,18.3,11.6,15.4,90760,3173,120800,3842,2004,ASIAN ALONE
308,4040,100,9.6,6.5,6.6,6.4,13.9,12.3,18.5,11.6,14.7,90110,2911,113200,3297,2003,ASIAN ALONE
309,3917,100,7.2,5.6,6.7,9.7,14.3,13.4,17.7,11.8,13.8,86910,2502,115700,3711,2002,ASIAN ALONE
310,4071,100,6.9,5.5,6.5,8.7,14.8,12.8,18.3,11.6,15,89680,3521,122300,4750,2001,ASIAN AND PACIFIC ISLANDER
311,3963,100,6.4,5,5.8,8.3,15,11.6,21,10.6,16.3,95330,2675,124500,4250,2000,ASIAN AND PACIFIC ISLANDER
312,3742,100,7.4,5.8,5,8.5,16.7,11.5,19,9.7,16.5,90140,5226,119200,4970,1999,ASIAN AND PACIFIC ISLANDER
313,3308,100,7.9,5.5,6,9.6,15.8,13.2,18.9,11.5,11.5,84200,3855,108700,5165,1998,ASIAN AND PACIFIC ISLANDER
314,3125,100,7.9,6.8,5.5,9.5,15.7,12.8,19.4,11.3,10.9,82810,3787,107800,5494,1997,ASIAN AND PACIFIC ISLANDER
315,2998,100,8.7,6.9,6,9.4,16.4,13,18.4,10.9,10.4,80890,4769,105700,6236,1996,ASIAN AND PACIFIC ISLANDER
316,2777,100,8.2,7.8,7,8.1,17,14.8,18.6,8.8,9.7,77920,3216,106000,7032,1995,ASIAN AND PACIFIC ISLANDER
317,2040,100,8.4,6.9,7.1,9.8,15.4,13.4,19.8,8.9,10.4,79510,4956,103200,6051,1994,ASIAN AND PACIFIC ISLANDER
318,2233,100,9.9,7.8,6.8,10.7,13.9,11.2,20,10.6,9.1,76960,6226,100800,6679,1993,ASIAN AND PACIFIC ISLANDER
319,2262,100,7.9,7.6,6.9,10,15.6,15.5,18.1,9.6,8.8,77740,3691,96350,4357,1992,ASIAN AND PACIFIC ISLANDER
320,2094,100,8.2,6.6,6,11.2,17,12.4,19.8,9,9.9,76860,4080,97590,4732,1991,ASIAN AND PACIFIC ISLANDER
321,1958,100,7,6.5,6.8,8.8,14.7,16,19.7,10.5,10.1,84030,4095,101400,4724,1990,ASIAN AND PACIFIC ISLANDER
322,1988,100,5.7,7.5,5.9,9.7,16.6,14.5,20.3,10,9.8,82740,3679,102900,4923,1989,ASIAN AND PACIFIC ISLANDER
323,1913,100,7.2,6.9,8.3,9,17.7,13.4,18.3,10.3,9,77190,5218,96510,4742,1988,ASIAN AND PACIFIC ISLANDER
324,N,100,8.4,7.9,8.4,9.6,13.3,14.9,18,10.8,8.8,79950,4889,N,N,1987,ASIAN AND PACIFIC ISLANDER
325,2618,100,12.7,9,7.1,11.7,18.5,12.2,13.9,7.1,7.8,62760,3578,88750,7270,2024,AMERICAN INDIAN AND ALASKA NATIVE ALONE OR IN COMBINATION
326,2597,100,10.2,8.8,9.4,9.8,20.6,11.5,14.5,6.6,8.7,62640,3141,93140,7892,2023,AMERICAN INDIAN AND ALASKA NATIVE ALONE OR IN COMBINATION
327,2464,100,10.7,9.5,8.3,13.1,17.4,13.9,15.4,5.5,6.2,61890,4196,81430,4556,2022,AMERICAN INDIAN AND ALASKA NATIVE ALONE OR IN COMBINATION
328,2475,100,14.1,8.9,8.7,12.2,17.3,10.4,14.4,6.4,7.5,58880,1616,84010,5585,2021,AMERICAN INDIAN AND ALASKA NATIVE ALONE OR IN COMBINATION
329,2333,100,9.2,10.8,8.7,11.8,16.2,15.1,13.7,7,7.7,64930,4368,89010,5682,2020,AMERICAN INDIAN AND ALASKA NATIVE ALONE OR IN COMBINATION
330,2350,100,10.5,9.1,8.2,14,15.5,11.9,16.3,6.6,7.9,61810,2449,84310,4722,2019,AMERICAN INDIAN AND ALASKA NATIVE ALONE OR IN COMBINATION
331,2481,100,12.4,11.2,8.6,12.3,17.5,12.6,12.8,7,5.6,58130,4326,78480,4161,2018,AMERICAN INDIAN AND ALASKA NATIVE ALONE OR IN COMBINATION
332,2514,100,12.6,9.5,10.5,13.5,16.5,11.7,13.4,5,7.3,55930,5377,80030,4434,2017,AMERICAN INDIAN AND ALASKA NATIVE ALONE OR IN COMBINATION
333,2510,100,12.2,11.2,8.5,12.8,16.6,12.4,14.1,5.8,6.3,56470,4930,79280,4187,2017,AMERICAN INDIAN AND ALASKA NATIVE ALONE OR IN COMBINATION
334,2443,100,12.8,9.8,9.8,13.2,17.9,11.2,12.4,5.8,7.1,54320,3269,82450,5597,2016,AMERICAN INDIAN AND ALASKA NATIVE ALONE OR IN COMBINATION
335,2436,100,14,10.5,9.4,13,16.4,12.3,12.6,6.7,5.1,55090,4559,76160,4596,2015,AMERICAN INDIAN AND ALASKA NATIVE ALONE OR IN COMBINATION
336,2247,100,13.1,11.5,11.2,11.2,17.5,12,11.9,6.5,5,53890,2963,73400,3181,2014,AMERICAN INDIAN AND ALASKA NATIVE ALONE OR IN COMBINATION
337,2041,100,15.1,13,9.1,12,12.3,13.8,12.4,5.8,6.4,51920,7310,81020,13240,2013,AMERICAN INDIAN AND ALASKA NATIVE ALONE OR IN COMBINATION
338,2119,100,13.3,12,10.3,15.2,17.4,12.2,11.1,4.7,3.7,48890,3178,66330,4276,2013,AMERICAN INDIAN AND ALASKA NATIVE ALONE OR IN COMBINATION
339,2233,100,15.1,11.8,11.7,12.8,18.3,10.3,11.3,4.9,3.8,48440,2359,66220,3407,2012,AMERICAN INDIAN AND ALASKA NATIVE ALONE OR IN COMBINATION
340,2162,100,13,11.3,11.3,15.1,17.7,11.2,11.4,4.3,4.9,49440,3131,69100,3399,2011,AMERICAN INDIAN AND ALASKA NATIVE ALONE OR IN COMBINATION
341,2040,100,14.4,12.2,9.8,12.7,16.6,11,12.5,7,3.7,51600,5097,69330,3800,2010,AMERICAN INDIAN AND ALASKA NATIVE ALONE OR IN COMBINATION
342,1820,100,13.3,10.5,9.9,14.4,16.8,12.3,12.4,6.1,4.4,52250,2996,74060,3745,2009,AMERICAN INDIAN AND ALASKA NATIVE ALONE OR IN COMBINATION
343,1932,100,12.4,8.7,10.6,14.5,16.7,12.8,14,5.7,4.7,55600,3317,75610,4467,2008,AMERICAN INDIAN AND ALASKA NATIVE ALONE OR IN COMBINATION
344,1919,100,13.3,10.5,8.6,12.9,18.2,11.5,14.6,5.7,4.6,55620,2850,74230,3504,2007,AMERICAN INDIAN AND ALASKA NATIVE ALONE OR IN COMBINATION
345,1848,100,12.4,10.4,10.2,13.5,18.9,10.5,12.7,6.2,5.3,54150,2819,74610,3697,2006,AMERICAN INDIAN AND ALASKA NATIVE ALONE OR IN COMBINATION
346,1873,100,14,9.7,9.3,13.6,15.2,13.8,13.4,6.1,5,55550,3063,75270,3333,2005,AMERICAN INDIAN AND ALASKA NATIVE ALONE OR IN COMBINATION
347,1894,100,10.8,10.1,10.3,13,17.3,12.5,15,5.2,5.9,56740,3451,80570,5543,2004,AMERICAN INDIAN AND ALASKA NATIVE ALONE OR IN COMBINATION
348,1752,100,10.7,11.6,9.8,12,16.4,12.3,15.1,6.8,5.3,58370,N,78010,N,2003,AMERICAN INDIAN AND ALASKA NATIVE ALONE OR IN COMBINATION
349,1651,100,11.6,11,8.6,13.6,20.7,11.9,12.4,5.5,4.6,56190,N,75630,N,2002,AMERICAN INDIAN AND ALASKA NATIVE ALONE OR IN COMBINATION
350,1505,100,13.3,10,8.2,12.4,17.6,11.6,13.3,6.3,7.2,59050,5824,87820,12150,2024,AMERICAN INDIAN AND ALASKA NATIVE ALONE
351,1414,100,11.5,7.6,9.9,11.3,20.5,11.3,14.5,6.7,6.7,58760,3982,84800,7691,2023,AMERICAN INDIAN AND ALASKA NATIVE ALONE
352,1371,100,11.4,9.3,9.9,15,16.4,12.5,13.7,5.4,6.2,56290,5300,80190,6438,2022,AMERICAN INDIAN AND ALASKA NATIVE ALONE
353,1430,100,13.3,10.1,8.3,12.4,17.8,11.2,12.5,7,7.4,58670,2907,83930,8871,2021,AMERICAN INDIAN AND ALASKA NATIVE ALONE
354,1377,100,9.9,12.8,8.5,12.9,17.3,13.7,11.5,5.6,7.8,58620,5391,83390,6986,2020,AMERICAN INDIAN AND ALASKA NATIVE ALONE
355,1329,100,12.5,8.5,8.1,14,16.7,11.4,16.7,5.2,6.8,59850,4689,80030,5549,2019,AMERICAN INDIAN AND ALASKA NATIVE ALONE
356,1331,100,13.3,11.9,8.4,13.2,18.4,11.1,12.5,6.3,4.7,53840,5757,75750,5630,2018,AMERICAN INDIAN AND ALASKA NATIVE ALONE
357,1327,100,15.4,9.3,11.4,14.9,15.5,11,10.6,5,6.9,48190,6095,75850,6594,2017,AMERICAN INDIAN AND ALASKA NATIVE ALONE
358,1326,100,15,12.3,7.9,13.4,15.6,11.7,11.6,6.4,6,51720,5264,77630,6925,2017,AMERICAN INDIAN AND ALASKA NATIVE ALONE
359,1314,100,13.8,10.8,9.1,13.1,19,9.8,12.9,5.2,6.4,53210,3005,80860,8761,2016,AMERICAN INDIAN AND ALASKA NATIVE ALONE
360,1417,100,15.5,9.4,10.2,13.8,15.7,12.9,11.3,5.8,5.2,51430,5427,72110,4589,2015,AMERICAN INDIAN AND ALASKA NATIVE ALONE
361,1264,100,13.9,10.3,11.5,12.1,16.2,12.9,12.5,6.2,4.4,53420,3631,72630,4097,2014,AMERICAN INDIAN AND ALASKA NATIVE ALONE
362,1045,100,16.4,14.4,10.1,13.8,10.6,13.8,11.8,5.3,3.8,44850,8485,64540,7650,2013,AMERICAN INDIAN AND ALASKA NATIVE ALONE
363,1108,100,13.9,14.1,10.2,15.9,19,11.1,9.6,3.2,3,46430,3565,60510,4452,2013,AMERICAN INDIAN AND ALASKA NATIVE ALONE
364,1196,100,19,11.2,11.1,12.7,18.8,10.2,9.8,3.9,3.3,45430,3994,62440,5353,2012,AMERICAN INDIAN AND ALASKA NATIVE ALONE
365,1108,100,15.1,12.4,12.9,14.2,17.2,10.5,9.6,3.9,4.3,43940,4067,63250,4779,2011,AMERICAN INDIAN AND ALASKA NATIVE ALONE
366,1036,100,16.5,13.9,9.3,14.2,13.6,11.7,12,5.6,3.2,44450,5225,63190,5290,2010,AMERICAN INDIAN AND ALASKA NATIVE ALONE
367,907,100,15.2,11.9,9.6,15.2,15,13.1,12.3,4.6,3.2,48550,2615,67490,4980,2009,AMERICAN INDIAN AND ALASKA NATIVE ALONE
368,977,100,14,9.6,12.3,15.6,14.7,11.8,14.3,4.1,3.5,49440,3940,70380,7404,2008,AMERICAN INDIAN AND ALASKA NATIVE ALONE
369,943,100,16.2,9.2,9.4,14.3,20,11.2,12.4,3.9,3.4,51810,4057,66460,4935,2007,AMERICAN INDIAN AND ALASKA NATIVE ALONE
370,888,100,15.3,11.5,10.6,14.5,20,9.4,10.2,4,4.5,48060,3253,66400,5257,2006,AMERICAN INDIAN AND ALASKA NATIVE ALONE
371,817,100,16,10.9,9.1,12.6,16,13.4,11.7,6.2,4.1,52020,4911,70040,4770,2005,AMERICAN INDIAN AND ALASKA NATIVE ALONE
372,824,100,14,10.6,12.2,13.4,17.6,9.9,13.2,4.5,4.7,50000,3530,70210,6462,2004,AMERICAN INDIAN AND ALASKA NATIVE ALONE
373,754,100,15,11.1,11.1,10.1,16.2,10.2,12.7,7.4,6.1,52180,N,75080,N,2003,AMERICAN INDIAN AND ALASKA NATIVE ALONE
374,764,100,12.7,10.4,8.1,14.6,22.1,10.7,13.2,5.4,2.9,54050,N,67520,N,2002,AMERICAN INDIAN AND ALASKA NATIVE ALONE
375,1229,100,12.6,9.6,9.8,15.1,17.6,12.3,12.4,6.1,4.6,53650,N,73730,N,2001,AMERICAN INDIAN AND ALASKA NATIVE
376,1041,100,13.6,10.6,10.8,11.6,18.4,13,13.6,5.4,3,53560,N,70910,N,2000,AMERICAN INDIAN AND ALASKA NATIVE
377,961,100,15.3,11.6,10.2,10.9,16.8,14.9,11.4,5.3,3.6,53390,N,68670,N,1999,AMERICAN INDIAN AND ALASKA NATIVE
378,775,100,11.8,10.8,7.4,13.8,19.5,15,12.3,6,3.4,56920,N,70540,N,1998,AMERICAN INDIAN AND ALASKA NATIVE
379,823,100,11.7,14.1,9.6,12.6,19.4,11.1,13.3,4.8,3.4,51760,N,67830,N,1997,AMERICAN INDIAN AND ALASKA NATIVE
380,851,100,17.2,14,8.8,17.6,12.5,8.5,15.3,3.3,2.9,44350,N,66460,N,1996,AMERICAN INDIAN AND ALASKA NATIVE
381,763,100,15.6,13.5,13,15.8,15.2,10.2,11.9,4,0.8,41550,N,56790,N,1995,AMERICAN INDIAN AND ALASKA NATIVE
382,547,100,15.1,9.8,10.7,12.8,18.9,14.4,11.6,4.8,1.8,51590,N,64090,N,1994,AMERICAN INDIAN AND ALASKA NATIVE
383,614,100,15,10.4,13.2,12.9,20.8,12.3,7.9,5.8,1.8,48750,N,59830,N,1993,AMERICAN INDIAN AND ALASKA NATIVE
384,752,100,16.2,11,11,15.5,18.2,10.4,13,2.4,2.3,46570,N,58810,N,1992,AMERICAN INDIAN AND ALASKA NATIVE
385,608,100,13.9,11.1,10.5,13.9,19.5,12.2,14.8,2.6,1.5,50640,N,61220,N,1991,AMERICAN INDIAN AND ALASKA NATIVE
386,530,100,14.8,12.5,10.5,11.9,21.4,13.5,7.9,5.6,1.9,50230,N,61670,N,1990,AMERICAN INDIAN AND ALASKA NATIVE
387,511,100,17.2,16.4,11.3,13.6,17.1,10.8,9.6,3,1.1,39740,N,54020,N,1989,AMERICAN INDIAN AND ALASKA NATIVE
388,469,100,13.6,17.7,11.8,18.5,12.3,13.2,9.1,3.6,0.2,39470,N,53000,N,1988,AMERICAN INDIAN AND ALASKA NATIVE
389,469,100,18.4,13.8,11.7,14.2,16.6,12.2,8.9,2.7,1.6,42480,N,54280,N,1987,AMERICAN INDIAN AND ALASKA NATIVE
390,2823,100,9.4,6.6,5.2,11.4,15.8,11.1,16.8,8.5,15.2,79800,7502,113800,7400,2024,TWO OR MORE RACES
391,2778,100,8.9,8.7,6.8,9.7,18.6,12.1,14.6,7.9,12.7,70640,4390,110300,8928,2023,TWO OR MORE RACES
392,2482,100,8.4,7.8,6.3,10.8,18.1,14.9,15,7.5,11.3,74060,4343,104300,7626,2022,TWO OR MORE RACES
393,2330,100,10.6,5.6,8.4,10.3,16.3,10.6,17,10.3,11,73460,5762,103900,6055,2021,TWO OR MORE RACES
394,2242,100,8.5,7,6.8,9.6,13.1,14.6,18.3,8.3,13.8,83400,3865,121600,9189,2020,TWO OR MORE RACES
395,2269,100,6.8,7.7,8.8,11.5,15.2,13.2,14,9.7,13.1,74610,3949,107000,6704,2019,TWO OR MORE RACES
396,2207,100,9.1,9.2,9,10.9,16,13.5,14.6,8,9.7,68340,4396,96490,6746,2018,TWO OR MORE RACES
397,2086,100,8.8,8.1,9.7,11.3,17.7,12.8,15.2,6.3,10.1,66880,4823,94390,5397,2017,TWO OR MORE RACES
398,2094,100,8.5,7.6,9,12.6,16.7,12.9,16.8,6.8,9.2,67680,5642,94440,5368,2017,TWO OR MORE RACES
399,2015,100,8.6,8.7,9.4,11.2,18,13.3,13.6,7.9,9.2,65680,3115,93650,5929,2016,TWO OR MORE RACES
400,1870,100,12.2,9.7,8.4,10.6,17.3,12.1,13.6,8.4,7.7,63900,3695,91180,7883,2015,TWO OR MORE RACES
401,1793,100,11.2,9.7,10.6,10.9,17,11.9,14.2,7.1,7.5,59990,3271,86810,5743,2014,TWO OR MORE RACES
402,1843,100,9.1,8.9,8.8,12.4,17.6,11,15.5,6.2,10.4,63240,7405,107800,20240,2013,TWO OR MORE RACES
403,1860,100,12,8.8,9.4,13.3,15.8,11.9,14.8,6.7,7.2,59980,3401,83970,5779,2013,TWO OR MORE RACES
404,1776,100,11.3,10.3,10.6,11.3,17.6,11.1,13.6,7.4,6.8,58540,3035,82170,5387,2012,TWO OR MORE RACES
405,1764,100,11.1,9.5,9.4,14.1,16.5,11.3,14.5,6.2,7.5,58950,5341,83190,4785,2011,TWO OR MORE RACES
406,1810,100,11.9,9.7,9.3,12,18.6,10.5,13.9,7.9,6.3,58070,2588,82680,5166,2010,TWO OR MORE RACES
407,1484,100,11.7,8.3,9.3,13.2,17.8,11.5,13.5,6.8,7.9,59310,2663,85120,4335,2009,TWO OR MORE RACES
408,1465,100,10.4,7.9,8.2,13.2,17.5,12.9,14.8,7.9,7.1,62770,4438,87090,5449,2008,TWO OR MORE RACES
409,1457,100,10.5,10.3,7.5,11.5,16.8,11.7,15.9,7.4,8.3,62280,5005,85720,3923,2007,TWO OR MORE RACES
410,1393,100,8.8,8.5,8.3,11.9,18.3,12.5,15.7,9,7.2,66400,4749,88600,5542,2006,TWO OR MORE RACES
411,1506,100,10.5,8.2,9.5,13.3,15.2,13.5,15.2,7.3,7.3,63880,4063,87650,5617,2005,TWO OR MORE RACES
412,1517,100,8.8,9,8.3,11.7,18,14.4,16.3,6.6,6.8,65760,2684,89230,6478,2004,TWO OR MORE RACES
413,1407,100,7.1,10.9,9.1,13.1,16.2,13.9,16.9,7,5.9,66000,N,84080,N,2003,TWO OR MORE RACES
414,1243,100,10.2,10.6,8.3,12.5,19.1,13.5,13.1,6.5,6.5,60450,N,86810,N,2002,TWO OR MORE RACES
415,21100,100,8.4,6.7,8,11.7,17.9,13,15.9,8.3,10.2,70950,1001,99340,2253,2024,HISPANIC (ANY RACE)
416,19860,100,8.4,7.4,8.2,12.2,18.7,12.5,15.7,8.1,8.7,67240,1292,93750,2087,2023,HISPANIC (ANY RACE)
417,19320,100,9.4,7.4,8.6,11.8,18.3,13.4,16,7.1,7.9,66950,1701,90830,1917,2022,HISPANIC (ANY RACE)
418,19230,100,9.7,7.2,8.7,12.1,18.2,12.2,15.7,7.4,9,66570,1820,92860,1897,2021,HISPANIC (ANY RACE)
419,18340,100,8.6,8.1,7.9,13.5,17.5,13.6,15.6,7,8.3,66480,1390,90300,1687,2020,HISPANIC (ANY RACE)
420,17670,100,8.4,7.2,8.2,13,18,13.3,15.9,7.5,8.5,68010,1421,90970,1964,2019,HISPANIC (ANY RACE)
421,17760,100,9.2,8.8,8.8,13.6,17.9,13.5,14.4,6.6,7.1,63280,904,87260,1991,2018,HISPANIC (ANY RACE)
422,17340,100,9.4,8,9.9,12.8,17.8,13.5,14.8,6.9,6.9,62940,951,84900,1897,2017,HISPANIC (ANY RACE)
423,17320,100,9.2,8,9.8,12.9,17.3,13,15.9,7,6.9,63340,904,85720,1783,2017,HISPANIC (ANY RACE)
424,16920,100,9.2,8.9,9.5,13.1,18.2,13.2,14.8,6.8,6.3,60870,1420,85300,1697,2016,HISPANIC (ANY RACE)
425,16670,100,10.1,9.2,11,13.7,17.7,12.7,13.4,6.1,6.1,58150,1303,81930,1773,2015,HISPANIC (ANY RACE)
426,16240,100,10.6,10,11.5,13.7,18.4,12.3,13.7,5.3,4.5,54690,1093,74050,1389,2014,HISPANIC (ANY RACE)
427,16090,100,10.9,11.7,10.9,15.5,16.3,11.5,12.7,4.9,5.6,51810,2551,75210,3655,2013,HISPANIC (ANY RACE)
428,15810,100,11.1,10.9,10.9,14.7,18.1,12,13,5.3,4.1,53470,1185,71330,1583,2013,HISPANIC (ANY RACE)
429,15590,100,11.9,10.6,11.7,14.6,18,11.8,12.4,4.7,4.3,51530,1161,70580,1517,2012,HISPANIC (ANY RACE)
430,14940,100,11.8,10.3,11,15.5,18.8,11.4,12.2,4.6,4.3,52020,1212,70500,1316,2011,HISPANIC (ANY RACE)
431,14440,100,11.8,10.9,11,14.6,17.6,12,12.7,5.1,4.2,52250,1329,71360,1508,2010,HISPANIC (ANY RACE)
432,13300,100,10.5,10.2,10.9,15.6,17.8,12.3,12.6,5.5,4.4,53540,1162,73520,1327,2009,HISPANIC (ANY RACE)
433,13430,100,10.6,10.1,10.7,16.1,18.2,11.8,13,5,4.6,53150,1121,72300,1231,2008,HISPANIC (ANY RACE)
434,13340,100,9.9,9.8,10.4,14.7,19.2,12.5,14.3,4.9,4.2,56210,1243,73870,1279,2007,HISPANIC (ANY RACE)
435,12970,100,10,9.4,10.5,14.3,20.8,11.8,13.2,5.4,4.6,56320,1238,75390,1422,2006,HISPANIC (ANY RACE)
436,12520,100,9.7,10.4,10.7,15.3,18.7,13.3,12.6,4.9,4.3,55170,901,72300,1196,2005,HISPANIC (ANY RACE)
437,12180,100,10.1,10.4,10.8,15.5,18.8,13.1,12.4,5,4.1,54090,1246,72410,1457,2004,HISPANIC (ANY RACE)
438,11690,100,9.8,10.5,11,15.5,19.5,11.8,13,4.9,4,53380,1222,71940,1309,2003,HISPANIC (ANY RACE)
439,11340,100,9.9,10.1,10.7,15.5,18.6,13,13.1,4.9,4.1,54670,1309,74130,1630,2002,HISPANIC (ANY RACE)
440,10500,100,9.1,9.8,11.4,13.6,20.3,12.3,14.1,5.1,4.2,56120,1172,74210,1543,2001,HISPANIC (ANY RACE)
441,10030,100,9,9.8,11.1,14,19.9,13.3,14.4,4.5,4,56710,1344,75190,1780,2000,HISPANIC (ANY RACE)
442,9579,100,9.6,10.6,10.9,15.2,19.5,12.4,13.5,4.7,3.7,54380,1301,71440,2086,1999,HISPANIC (ANY RACE)
443,9060,100,12.1,11.2,10.8,15.1,19,12.3,12,4.3,3.3,51150,1622,69110,2417,1998,HISPANIC (ANY RACE)
444,8590,100,13.2,12,11,15.2,18.4,12.2,11,3.7,3.2,48730,1430,65670,2180,1997,HISPANIC (ANY RACE)
445,8225,100,13.3,12.4,12.4,15.3,18.1,11.4,10.9,3.4,2.8,46560,1485,63560,2420,1996,HISPANIC (ANY RACE)
446,7939,100,14.5,13.7,12.2,15.8,17.5,10.6,10.2,3.3,2.2,43860,1572,59860,2209,1995,HISPANIC (ANY RACE)
447,7735,100,14.1,13.5,11.5,15.3,18,10.8,10.6,3.6,2.6,46000,1405,62030,2546,1994,HISPANIC (ANY RACE)
448,7362,100,13.2,13.8,11.8,15,19.8,10,10.9,3.1,2.3,45930,1519,60790,2103,1993,HISPANIC (ANY RACE)
449,7153,100,13.5,13.2,12.1,14.6,19.2,11.4,10.8,3.2,2.1,46470,1580,59280,1533,1992,HISPANIC (ANY RACE)
450,6379,100,12.8,12.7,11.9,14.5,19.2,12.1,10.9,3.3,2.5,47850,1637,60890,1603,1991,HISPANIC (ANY RACE)
451,6220,100,12.5,13,11.5,14.1,19.9,12.8,10.6,3.4,2.3,48800,1647,61130,1657,1990,HISPANIC (ANY RACE)
452,5933,100,12.9,11.1,10.7,15.2,18.4,12.7,12.7,3.7,2.6,50240,1602,64150,1813,1989,HISPANIC (ANY RACE)
453,5910,100,13.9,11.3,11.6,14.6,18.8,12.5,11.2,3.5,2.4,48710,2031,62180,2168,1988,HISPANIC (ANY RACE)
454,5642,100,14.1,12.6,11.6,14.5,18.5,11.8,11.3,3.1,2.5,47970,1714,61490,1873,1987,HISPANIC (ANY RACE)
455,5418,100,13.6,12.5,12.1,14.3,18.9,12,11.1,3.7,1.7,47070,2017,59430,1607,1986,HISPANIC (ANY RACE)
456,5213,100,13.7,13.7,12.5,14.3,19.2,11.6,10.6,3,1.3,45530,1750,56890,1522,1985,HISPANIC (ANY RACE)
457,4883,100,14.5,13.1,11.1,15.3,19.1,11.9,10.8,2.7,1.5,45800,1889,56950,1827,1984,HISPANIC (ANY RACE)
458,4326,100,14.4,14.4,11.2,16,19.6,11,9.9,2.5,1,44670,1862,54400,1719,1983,HISPANIC (ANY RACE)
459,4085,100,14,15.1,10.9,16,19.5,11.4,10,1.8,1.4,44410,1930,54810,1829,1982,HISPANIC (ANY RACE)
460,3980,100,11.7,13.6,11.9,15.6,20.8,12.5,10.2,2.5,1.1,47480,2139,57020,1792,1981,HISPANIC (ANY RACE)
461,3906,100,12.9,12.5,12.3,16.2,19.8,12.4,10.5,2.2,1.3,46410,2069,56690,1857,1980,HISPANIC (ANY RACE)
462,3684,100,10.8,12.1,11,17.2,20.5,13.3,10.7,2.9,1.4,49230,2335,59570,1968,1979,HISPANIC (ANY RACE)
463,3291,100,11,12.4,11.7,17.2,20.3,13.9,10.2,2.2,1,48780,1944,57620,1917,1978,HISPANIC (ANY RACE)
464,3304,100,10.9,13.1,12.2,18.1,21.1,13,8.7,2.1,0.9,47010,1358,55480,1409,1977,HISPANIC (ANY RACE)
465,3081,100,12.6,13.9,12.6,17,20,13.2,8.1,2,0.6,44980,1577,53160,1423,1976,HISPANIC (ANY RACE)
466,2948,100,12.7,13.6,13.7,17.1,20.8,12.5,7.4,1.4,0.8,44050,1602,52290,1528,1975,HISPANIC (ANY RACE)
467,2897,100,9.9,13,13.9,15.5,23.2,13.4,8.5,1.8,0.9,47940,1727,55530,1488,1974,HISPANIC (ANY RACE)
468,2722,100,9.5,12.6,11.6,18.8,22.1,14.2,8.8,1.8,0.6,48150,1799,55940,1498,1973,HISPANIC (ANY RACE)
469,2655,100,9.7,12.7,13.3,17.6,24.1,12.4,7.7,1.7,0.9,48160,1548,55360,1548,1972,HISPANIC (ANY RACE)
